Dataset,Techniques,Rank Bias Order,Rank Actual Order
Keymind-B_3,Holdout 0.5,Repeated Holdout 0.7,0.632 Bootstrap
Keymind-B_3,Holdout 0.7,Ordinary,Holdout 0.5
Keymind-B_3,Repeated Holdout 0.5,Holdout 0.7,Holdout 0.7
Keymind-B_3,Repeated Holdout 0.7,out-of-sample,Leave-one-release-out
Keymind-B_3,2-fold,Repeated Holdout 0.5,Optimism-reduced
Keymind-B_3,10-fold,0.632 Bootstrap,Ordinary
Keymind-B_3,10x10-fold,Holdout 0.5,Repeated Holdout 0.5
Keymind-B_3,Ordinary,Optimism-reduced,Repeated Holdout 0.7
Keymind-B_3,Optimism-reduced,Leave-one-release-out,out-of-sample
Keymind-B_3,out-of-sample,2-fold,10-fold
Keymind-B_3,0.632 Bootstrap,10-fold,10x10-fold
Keymind-B_3,Leave-one-release-out,10x10-fold,2-fold
